{
  "timestamp": "2026-07-07T12:46:20+00:00",
  "model": "models/v0.1_transformer",
  "results": [
    {
      "split_name": "Random Split Test",
      "n_rows": 5747,
      "n_classes_in_data": 2,
      "label_balance": {
        "0": 3139,
        "1": 2608
      },
      "accuracy": 0.9933878545327998,
      "confusion_matrix": {
        "tn": 3128,
        "fp": 11,
        "fn": 27,
        "tp": 2581
      },
      "precision_macro": 0.9935991640742696,
      "recall_macro": 0.9930714692655431,
      "f1_macro": 0.9933274058321723,
      "roc_auc": 0.9989272598635415
    },
    {
      "split_name": "Topic-Disjoint Test",
      "n_rows": 10223,
      "n_classes_in_data": 2,
      "label_balance": {
        "0": 9709,
        "1": 514
      },
      "accuracy": 0.9991196322018977,
      "confusion_matrix": {
        "tn": 9704,
        "fp": 5,
        "fn": 4,
        "tp": 510
      },
      "precision_macro": 0.9949396154107712,
      "recall_macro": 0.9958514563686547,
      "f1_macro": 0.9953950664794203,
      "roc_auc": 0.9999877765946235
    },
    {
      "split_name": "Temporal Test",
      "n_rows": 5747,
      "n_classes_in_data": 2,
      "label_balance": {
        "0": 5075,
        "1": 672
      },
      "accuracy": 0.9989559770314947,
      "confusion_matrix": {
        "tn": 5072,
        "fp": 3,
        "fn": 3,
        "tp": 669
      },
      "precision_macro": 0.9974722906403941,
      "recall_macro": 0.9974722906403941,
      "f1_macro": 0.9974722906403941,
      "roc_auc": 0.9999862186253812
    }
  ]
}